URL,Summary,Company
https://huggingface.co/organizations,. .,Hugging Face
https://huggingface.co/bigscience/bloom,Large Open-science Open-access Multilingual Language ModelVersion 1.3 / 6 July 2022Current Checkpoint:Training Iteration 95000Link to paper:Total seen tokens:366BModel,Hugging Face
https://huggingface.co/docs/transformers/model_doc/bloom,. .,Hugging Face
https://bigscience.huggingface.co/blog/bloom,BLOOM is the first multilingual LLM trained in complete transparency . It is the result of the largest collaboration of AI researchers ever involved in a single research project.,Hugging Face
https://huggingface.co/users,. .,Hugging Face
https://huggingface.co/bigscience/bloomz,BLOOMZ & mT0 Model Family:Multitask finetuned on. Story (in Spanish):Explain in a sentence in Telugu what is backpropagation in neural networks.Fe,Hugging Face
https://sungkim11.medium.com/list-of-open-sourced-fine-tuned-large-language-models-llm-8d95a2e0dc76,. .,Hugging Face
https://github.com/linhduongtuan/BLOOM-LORA,"Alpacas are domesticated South American camelids, closely related to llamas, vicuas, and guanacos . The President of Mexico in 2019 was Andrés Manuel Ló",Hugging Face
https://crfm.stanford.edu/fmti/fmti.pdf,"L & "" 4 7% DQj[Fr 7 I f Ptw V - ! N WDZ6 Z 4e O ?2l D I_ > H> ",Hugging Face
https://aws.amazon.com/blogs/machine-learning/zero-shot-and-few-shot-prompting-for-the-bloomz-176b-foundation-model-with-the-simplified-amazon-sagemaker-jumpstart-sdk/,BloomZ 176B is a state-of-the-art instruction-tuned model . It can perform various in-context few-shot learning and zero-shot NLP tasks without fine-tuning the,Hugging Face
https://wandb.ai/telidavies/ml-news/reportlist,. .,Hugging Face
https://vectara.com/blog/top-large-language-models-llms-gpt-4-llama-gato-bloom-and-when-to-choose-one-over-the-other/,. .,Hugging Face
https://about.fb.com/news/2023/07/llama-2/,Meta and Microsoft introduce the Next Generation of Llama | MetaViewing this site inEnglishPortugeseGermanFrenchJapaneseKoreanSpanish (LTAM)Você está visual,Meta
https://www.prnewswire.com/news-releases/dell-technologies-and-meta-to-drive-generative-ai-innovation-with-llama-2-on-premises-301971775.html,"Dell Technologies and Meta to Drive Generative AI Innovation with Llama 2 On PremisesSearchSearchWhen typing in this field, a list of search results will appear and be automatically updated as you type . Please change your",Meta
https://www.techtarget.com/searchenterpriseai/news/366547716/IBM-collaborating-with-Meta-to-integrate-Llama-2-in-Watsonx,IBM partners will gain early access to the large language model (LLM) from Facebook's parent company .IBM's partnership with Meta is representative of where the generative AI market is going .,Meta
https://www.linkedin.com/posts/mdell_dell-and-meta-partner-to-bring-llama-2-open-activity-7125201441245249536-ktKG?trk=public_profile_like_view,This collaboration shows the enterprise momentum building behind generative AI and Llama 2 specifically . We’ve just launched an LLM app using llama2 on AWS.,Meta
https://llama.meta.com/,. .,Meta
https://m.economictimes.com/magazines/panache/meta-microsoft-join-forces-mark-zuckerberg-shares-picture-with-satya-nadella-announcing-chatgpt-rival-ai-llama-2/articleshow/101922998.cms,Mark Zuckerberg announces Llama 2 launch in Insta post as Microsoft & Meta collaborate on new ChatGPT rivalSECTIONS'Grateful to Satya',Meta
https://finance.yahoo.com/news/meta-platforms-meta-launches-llama-171000784.html,. .,Meta
https://www.qualcomm.com/news/releases/2023/07/qualcomm-works-with-meta-to-enable-on-device-ai-applications-usi,. .,Meta
https://medium.com/@sanawrite/all-you-need-to-know-about-llama-2-metas-open-source-ai-large-language-model-263da4ed69b1,. .,Meta
https://llama.meta.com/llama2/,. .,Meta
https://aimagazine.com/articles/meta-llama-2-to-be-hosted-on-ibm-watson,"The company is committed to keeping trust and security principles at the forefront of developing generative AI . When users run the Llama 2 model through watsonx.ai, they can automatically remove harmful language from the input prompt",Meta
https://gizmodo.com/chatgpt-gpt4-snapchat-instacart-duolingo-bing-ai-1850229116,"Microsoft, Duolingo, Snap Inc. have tried (and some have failed) to implement the impressive chatbot or its generative pre-trained transformer either into their products or into their workforces .Advertisement",OpenAI
https://openai.com/gpt-4,"It can generate, edit, and iterate with users on creative and technical writing tasks, such as composing songs, writing screenplays, or learning a userâs writing style .InputA beautiful Cinderella",OpenAI
https://openai.com/blog/chatgpt-plugins,"Plugins are tools designed specifically for language models with safety as a core principle, and help ChatGPT access up-to-date information, run computations, or use third-party services.Users have been asking for",OpenAI
https://blog.enterprisedna.co/who-owns-chat-gpt/,"ChatGPT is a product of OpenAI, a San Francisco-based AI research and deployment company founded by well-known figures, such as Elon Musk, Sam Altman, Peter Thiel, Ilya Sutske",OpenAI
https://www.forbes.com/sites/bernardmarr/2023/05/30/10-amazing-real-world-examples-of-how-companies-are-using-chatgpt-in-2023/,"ChatGPT has taken the world by storm . You may opt-out by clicking hereMore From ForbesMar 7, 2024,01:00am ESTMar 6, 20,02:11pm ESTMAR 6, 20, 20,09:",OpenAI
https://venturebeat.com/ai/openai-reveals-how-many-chatgpt-for-enterprise-customers-it-has-so-far/,. .,OpenAI
https://en.wikipedia.org/wiki/OpenAI,"OpenAI's board is barred from having financial stakes in OpenAI Global LLC .In October 2023, OpenAI announced a new US$10 billion investment in ChatGPT over multiple years .OpenAI has been",OpenAI
https://tech.co/news/who-owns-chatgpt-and-openai,"ChatGPT has shaken up the tech industry by offering seemingly limitless opportunities to its 100 million-strong user base . OpenAI has since switched its focus to general AI research and development, creating Chat Generative Pre-Trained",OpenAI
https://www.techcircle.in/2023/03/16/11-companies-using-gpt-4-in-consumer-products/,"OpenAI’s newest large language model, GPT-4, is the most advanced one yet . The company’s ChatGPT chatbot ran on a previous version of this LLM (GPT 3.5) has already",OpenAI
https://www.techtarget.com/searchenterpriseai/tip/Gemini-vs-ChatGPT-Whats-the-difference,ChatGPT vs. GPT-4 is the most advanced AI-powered chatbot .Gemini's response to cyber-resiliency challenges is more advanced than GPT-3.5 .Google's Gemini,OpenAI
https://azure.microsoft.com/en-us/blog/introducing-gpt4-in-azure-openai-service/,"Azure OpenAI Service is available in preview on April 1, 2023 . Customers can apply for access to GPT-4 and start building with OpenAI service .GPT-4 is backed by Azure AI-optimized infrastructure, enterprise",OpenAI
https://www.fastcompany.com/90865107/openai-gpt-4-language-model-chatgpt,. .,OpenAI
